{"cameraMode":{"drawMode":0,"name":"Shaded","section":"Shading Mode"},"sceneLighting":true,"audioPlay":false,"sceneViewState":{"m_AlwaysRefresh":false,"showFog":true,"showSkybox":true,"showFlares":true,"showImageEffects":true,"showParticleSystems":true,"showVisualEffectGraphs":true,"m_FxEnabled":true},"in2DMode":false,"pivot":{"x":-133.20201110839845,"y":3.484346866607666,"z":23.716930389404298},"rotation":{"x":0.2658700942993164,"y":-0.11077415198087692,"z":0.030644306913018228,"w":0.9572159647941589},"size":17.25168228149414,"orthographic":false}